{"noiseKey":{"private":{"type":"Buffer","data":"kKW4dH7ll022Sh2TzsQxI4H9+tBK2pO9A0OdQZifSE0="},"public":{"type":"Buffer","data":"SLfzuLTBlMkemb2/Ryq6lavXJRpc60HIossoMMj4dn8="}},"pairingEphemeralKeyPair":{"private":{"type":"Buffer","data":"oNaEO1Ys/vtVZKPrBvzeM5Zt6HtkN6CaCp7OAMsrR2k="},"public":{"type":"Buffer","data":"OqI0qaYGDnYro6kJKl+18d70SZDRv0iglWPS11NkSlY="}},"signedIdentityKey":{"private":{"type":"Buffer","data":"WH3KYrtwf98K62wYZrZGby9Zi3xMUkJZbWk3wyH4f2A="},"public":{"type":"Buffer","data":"akY4oh/1l2+77iUq+MYgU72WW8Dgnvq0HfgdCH8vsH0="}},"signedPreKey":{"keyPair":{"private":{"type":"Buffer","data":"OO+hxVsTo7x3llcei6XrKyAdyFBtx7hTjC5gQb6rXmA="},"public":{"type":"Buffer","data":"WMMNe/4MfT1JBBw0pMLq4ZWL6JwUJF9Dyt2Gioz7qEU="}},"signature":{"type":"Buffer","data":"m51syXCQsh/G23hjegO19sYkU4vmsOBK2z+WtfU5Q7tfPBFsZbP8qwBL/mzzR6ZUFN4t62hYtEEblvS8rqlrhg=="},"keyId":1},"registrationId":178,"advSecretKey":"DXb5mcyESHYHXuVXraUc9+V14SbMADob3RXDlCK7Fzw=","processedHistoryMessages":[{"key":{"remoteJid":"6283854026556@s.whatsapp.net","fromMe":true,"id":"5C7857025C3AB7D89CC4EA1A41AC4ED0"},"messageTimestamp":1733333631},{"key":{"remoteJid":"6283854026556@s.whatsapp.net","fromMe":true,"id":"23BE3111FDD87E031D112AE860A032A4"},"messageTimestamp":1733333632},{"key":{"remoteJid":"6283854026556@s.whatsapp.net","fromMe":true,"id":"431C5A78C9EB2C66119D015C5238C774"},"messageTimestamp":1733333634},{"key":{"remoteJid":"6283854026556@s.whatsapp.net","fromMe":true,"id":"705CAF4BEAEECE73E9E574E9DC185C1E"},"messageTimestamp":1733333634},{"key":{"remoteJid":"6283854026556@s.whatsapp.net","fromMe":true,"id":"56D5C447E7E652C29BBE696A8A268139"},"messageTimestamp":1733333635}],"nextPreKeyId":31,"firstUnuploadedPreKeyId":31,"accountSyncCounter":1,"accountSettings":{"unarchiveChats":false},"deviceId":"YtW5FZVmQ6qGnH4-A5VU0g","phoneId":"17a04dd2-7bc8-410e-bc14-72fe44252340","identityId":{"type":"Buffer","data":"E1R/jpkPB9PrbvwEf9zaI1yaNpw="},"registered":true,"backupToken":{"type":"Buffer","data":"mJ2p4ihUY+JfEvOv7fdGbQ/XBcY="},"registration":{},"pairingCode":"MH7K9WH3","me":{"id":"6283854026556:1@s.whatsapp.net","lid":"45192199573721:1@lid","name":"caca"},"account":{"details":"CLKe4IQBEPqkwroGGAEgACgA","accountSignatureKey":"nrXpkekg6xT+aWFkt7OzxjjL7rWor3dyvGXkxd3i4hg=","accountSignature":"Xu5QijRaSko0+yLSzAHac5tuWOC1Ka7JVccfDm3vsZUutZ7s4fgzyILE3GcHpk8aYtyrWryTf/Vq62bcTFH/AQ==","deviceSignature":"DHCQtji4phfXs1h4UL7sakQ3VNdj0TlgzTW1m8Ywjpdh4WqCa/ZAl6gRrSk48HUI3wVUu7c2Iujpt/PVtynMiA=="},"signalIdentities":[{"identifier":{"name":"6283854026556:1@s.whatsapp.net","deviceId":0},"identifierKey":{"type":"Buffer","data":"BZ616ZHpIOsU/mlhZLezs8Y4y+61qK93crxl5MXd4uIY"}}],"platform":"android","routingInfo":{"type":"Buffer","data":"CAUIAg=="},"lastAccountSyncTimestamp":1733333629,"lastPropHash":"iEaZ1","myAppStateKeyId":"AAAAAHQ8"}